{"RASIS":{
"0":[-351.984,911.983,58.5327],
"1":[-343.351,910.971,58.6883],
"2":[-332.1,910.437,58.2943],
"3":[-324.854,909.299,58.7531],
"4":[-315.157,908.484,58.6932],
"5":[-306.016,907.74,58.488],
"6":[-296.104,907.02,58.2027],
"7":[-286.439,906.336,57.7732],
"8":[-276.334,905.86,57.1982],
"9":[-266.136,905.645,56.3231],
"10":[-256.118,905.826,55.4909],
"11":[-246.386,906.187,54.502],
"12":[-236.171,907.036,53.3862],
"13":[-226.443,908.181,52.2439],
"14":[-216.688,909.612,51.0358],
"15":[-207.3,911.205,49.6071],
"16":[-197.693,912.618,48.0442],
"17":[-189.152,914.07,46.3098],
"18":[-180.147,915.615,44.6569],
"19":[-171.084,917.012,42.948],
"20":[-162.118,918.309,41.5878],
"21":[-153.161,919.417,40.3356],
"22":[-144.389,920.48,39.0548],
"23":[-135.502,921.527,38.0333],
"24":[-126.873,922.42,37.2496],
"25":[-118.104,923.348,36.6135],
"26":[-109.583,924.248,36.3317],
"27":[-101.582,925.415,36.3845],
"28":[-92.3832,926.215,36.6533],
"29":[-84.0569,927.202,37.1176],
"30":[-75.5072,928.255,37.7739],
"31":[-67.7278,929.392,38.5815],
"32":[-59.4735,930.489,39.2812],
"33":[-51.3845,931.676,39.7906],
"34":[-43.1127,932.848,40.1727],
"35":[-34.6886,934.37,40.282],
"36":[-26.6593,936.125,40.221],
"37":[-18.1719,938.019,39.7522],
"38":[-9.76147,940.19,39.271],
"39":[-1.17368,942.446,38.3992],
"40":[7.37043,944.713,37.4247],
"41":[15.8004,946.783,36.2064],
"42":[24.4978,948.84,34.8121],
"43":[32.9513,950.689,33.5511],
"44":[41.4918,952.311,32.1688],
"45":[49.8758,953.72,30.8483],
"46":[58.1812,954.906,29.4979],
"47":[66.6386,955.853,28.4963],
"48":[74.7788,956.591,27.6478],
"49":[82.8902,957.095,27.0377],
"50":[91.106,957.46,26.6338],
"51":[99.0992,957.555,26.3703],
"52":[107.141,957.568,26.3244],
"53":[115.123,957.392,26.4678],
"54":[122.983,957.059,26.7131],
"55":[130.946,956.473,27.0273],
"56":[139.004,955.701,27.3416],
"57":[146.844,954.764,27.8312],
"58":[154.84,953.663,28.3594],
"59":[162.66,952.45,28.8745],
"60":[170.586,951.144,29.4986],
"61":[178.531,949.656,30.0466],
"62":[186.51,948.125,30.6248],
"63":[194.374,946.484,31.2827],
"64":[202.481,944.834,31.877],
"65":[210.443,943.085,32.5218],
"66":[218.615,941.421,33.1574],
"67":[226.764,939.786,33.7538],
"68":[235.191,938.262,34.3902],
"69":[243.431,936.873,35.0834],
"70":[252.125,935.442,35.7348],
"71":[260.596,934.221,36.3328],
"72":[269.221,932.993,36.8408],
"73":[278.031,931.766,37.4683],
"74":[287.098,930.677,37.9222],
"75":[296.099,929.686,38.4243],
"76":[305.133,928.695,38.8939],
"77":[314.481,927.8,39.3172],
"78":[323.668,927.021,39.8159],
"79":[333.031,926.227,40.3862],
"80":[342.334,925.404,40.9249],
"81":[351.502,924.599,41.6902],
"82":[360.728,923.73,42.5592],
"83":[370.187,922.899,43.5606],
"84":[379.623,922.126,44.8541],
"85":[389.242,921.254,46.345],
"86":[399.039,920.367,48.1314],
"87":[408.9,919.5,49.9205],
"88":[418.845,918.621,51.6965],
"89":[428.686,918.114,53.5397],
"90":[438.354,917.885,55.5424],
"91":[447.83,918.035,57.5915],
"92":[457.079,918.51,59.8224],
"93":[465.902,919.183,62.1941],
"94":[474.666,919.953,64.2604],
"95":[483.231,921.045,66.3102],
"96":[491.638,922.51,68.1676],
"97":[500.131,924.256,69.9684],
"98":[508.61,926.426,71.6765],
"99":[517.368,928.828,73.3768],
"100":[525.91,931.311,74.9141],
"101":[534.473,933.833,76.2215],
"102":[543.057,936.345,77.5674],
"103":[551.602,938.601,78.8833],
"104":[560.166,940.655,79.9665],
"105":[568.619,942.479,81.0966],
"106":[576.94,943.919,82.0235],
"107":[585.189,944.928,83.0862],
"108":[593.32,945.693,84.0791],
"109":[601.247,946.325,85.0388],
"110":[608.958,946.837,86.0232],
"111":[616.911,947.383,86.9597],
"112":[624.771,947.997,87.8996],
"113":[632.488,948.69,88.8709],
"114":[640.161,949.331,89.885],
"115":[648.025,950.079,90.8708],
"116":[655.663,950.809,91.8895],
"117":[663.297,951.513,92.8246],
"118":[670.85,952.235,93.7444],
"119":[678.358,953.043,94.5946],
"120":[685.822,953.792,95.3635],
"121":[693.385,954.576,96.1266],
"122":[701.173,955.418,97.0694],
"123":[708.005,956.062,97.6929],
"124":[715.193,956.538,98.4377],
"125":[722.305,956.767,99.2291],
"126":[729.5,956.826,100.07],
"127":[736.638,956.649,100.967],
"128":[743.791,956.257,101.825],
"129":[750.703,955.762,102.804],
"130":[757.883,955.056,103.719],
"131":[764.769,954.292,104.514],
"132":[771.888,953.542,105.401],
"133":[778.922,952.621,106.204],
"134":[785.892,951.588,107.029],
"135":[792.865,950.602,107.792],
"136":[798.894,949.041,108.205],
"137":[806.352,948.189,109.137],
"138":[813.626,947.293,110.017],
"139":[820.785,946.347,110.823],
"140":[827.954,945.326,111.613],
"141":[835.083,944.387,112.358],
"142":[842.347,943.37,113.092],
"143":[849.519,942.388,113.685],
"144":[856.869,941.426,114.224],
"145":[864.348,940.443,114.638],
"146":[871.799,939.432,114.985],
"147":[879.335,938.517,115.235],
"148":[887.02,937.69,115.336],
"149":[894.76,936.782,115.173],
"150":[902.306,935.432,114.888],
"151":[910.467,934.686,114.565],
"152":[918.598,933.999,114.19],
"153":[926.912,933.417,113.727],
"154":[935.214,932.779,113.304],
"155":[943.622,932.211,112.746],
"156":[952.064,931.546,112.369],
"157":[960.497,930.853,112.067],
"158":[969.097,930.134,111.722],
"159":[977.588,929.33,111.586],
"160":[986.174,928.515,111.606],
"161":[995.311,928.134,111.918],
"162":[1004.09,927.261,112.101],
"163":[1012.97,926.303,112.307],
"164":[1022.03,925.202,112.36],
"165":[1031.07,924.117,112.498],
"166":[1040.46,923.101,112.511],
"167":[1049.91,921.977,112.451],
"168":[1059.54,920.907,112.319],
"169":[1069.46,919.853,112],
"170":[1079.45,918.8,111.464],
"171":[1089.71,917.845,110.8],
"172":[1099.9,916.985,109.802],
"173":[1110.06,916.429,108.56],
"174":[1120,916.147,107.111],
"175":[1131.21,916.946,106.019],
"176":[1141.29,917.686,104.592],
"177":[1151.32,918.683,103.032],
"178":[1161.37,919.84,101.51],
"179":[1171.11,920.988,99.719],
"180":[1180.74,922.168,97.8594],
"181":[1190.15,923.259,96.0559],
"182":[1199.42,924.347,94.2581],
"183":[1208.62,925.47,92.4954],
"184":[1217.58,926.525,90.8691],
"185":[1226.27,927.53,89.3976],
"186":[1234.93,928.602,88.1616],
"187":[1243.33,929.434,87.2562],
"188":[1251.85,930.291,86.6384],
"189":[1260.25,931.057,86.346],
"190":[1268.56,931.854,86.4395],
"191":[1276.94,932.713,86.8963],
"192":[1285.16,933.651,87.5917],
"193":[1293.34,934.626,88.564],
"194":[1301.8,935.524,89.7272],
"195":[1309.72,936.462,90.7261],
"196":[1317.87,937.517,91.691],
"197":[1325.9,938.693,92.2101],
"198":[1334.01,940.276,92.5073],
"199":[1342.08,942.115,92.3955],
"200":[1350.37,944.25,92.0307],
"201":[1358.72,946.675,91.4533],
"202":[1367.21,949.212,90.5972],
"203":[1375.74,951.699,89.5326],
"204":[1384.36,954.094,88.2468],
"205":[1392.96,956.433,86.7951],
"206":[1401.55,958.545,85.3214],
"207":[1410.16,960.374,83.8481],
"208":[1418.69,961.982,82.2767],
"209":[1427.08,963.374,81.0352],
"210":[1435.51,964.501,79.8613],
"211":[1443.86,965.412,78.8134],
"212":[1452.23,966.16,78.0768],
"213":[1460.42,966.62,77.4953],
"214":[1468.63,966.959,77.2382],
"215":[1476.8,966.987,77.0536],
"216":[1484.99,966.85,77.0315],
"217":[1493.14,966.42,77.157],
"218":[1501.3,965.889,77.3751],
"219":[1509.45,965.064,77.6575],
"220":[1517.73,964.014,77.9642],
"221":[1525.96,962.852,78.1916],
"222":[1534.19,961.519,78.5221],
"223":[1542.41,960.026,78.8229],
"224":[1550.62,958.433,79.1732],
"225":[1558.84,956.769,79.5225],
"226":[1567.13,955.027,79.8868],
"227":[1575.46,953.271,80.3348],
"228":[1583.9,951.574,80.8426],
"229":[1592.33,949.927,81.4076],
"230":[1600.84,948.328,82.037],
"231":[1609.43,946.866,82.5163],
"232":[1617.98,945.446,83.0421],
"233":[1626.57,944.151,83.4743],
"234":[1635.36,942.929,83.8018],
"235":[1644.13,941.79,84.0831],
"236":[1653,940.848,84.3134],
"237":[1662,939.927,84.4578],
"238":[1671,939.012,84.4647],